transaction_dt,retailer_license_number,customer_id,employee_id,game_number,payment_method_id,sales,tickets_bought,payout,customer_email,customer_phone,customer_registration_dt,customer_state,customer_city,customer_zip_code,employee_email,employee_phone,employee_hire_dt,employee_salary,retailer_location_name,retailer_location_zip_code,retailer_location_state,game_category,game_type,ticket_price,winning_chance,winning_jackpot,draw_dt,payment_method_name
2025-02-03,100021,VAN HORN_060,EMP_100021_1,Non-Scratch_100021-23376-7,1,2,2,0,hallmelissa@yahoo.com,915-321-8801,1990-05-22,TX,Van Horn,79855,emily.hunter@txlotto.org,432-333-1021,2020-03-14,32800,H & H DRIVE IN #7,79855,TX,Lotto Texas,Non-Scratch,1,4.12E-08,6000000,2025-02-04,Cash
2025-03-15,100021,VAN HORN_061,EMP_100021_1,Non-Scratch_100021-23376-8,1,3,3,0,jacob.wilson@gmail.com,469-818-1123,1988-12-03,TX,Van Horn,79855,christina.ward@txlotto.org,915-642-9084,2021-08-09,32801,H & H DRIVE IN #8,79855,TX,Lotto Texas,Non-Scratch,1,4.23E-08,7000000,2025-03-16,Cash
2025-04-10,100021,VAN HORN_062,EMP_100021_1,Non-Scratch_100021-23376-9,1,1,1,0,nina.murphy@hotmail.com,210-644-2231,1992-10-19,TX,Van Horn,79855,kyle.foster@txlotto.org,737-100-9911,2022-05-27,32802,H & H DRIVE IN #9,79855,TX,Lotto Texas,Non-Scratch,1,4.45E-08,8500000,2025-04-11,Cash
2025-05-05,100021,VAN HORN_063,EMP_100021_1,Non-Scratch_100021-23376-10,1,2,2,0,tyler.brown@yahoo.com,832-566-7782,1985-08-07,TX,Van Horn,79855,lindsey.roberts@txlotto.org,469-901-1122,2023-01-10,32803,H & H DRIVE IN #10,79855,TX,Lotto Texas,Non-Scratch,1,4.66E-08,9200000,2025-05-06,Cash
2025-06-21,100021,VAN HORN_064,EMP_100021_1,Non-Scratch_100021-23376-11,1,4,4,0,jasmine.perez@aol.com,979-880-3345,1995-04-12,TX,Van Horn,79855,cameron.green@txlotto.org,281-333-7001,2024-02-18,32804,H & H DRIVE IN #11,79855,TX,Lotto Texas,Non-Scratch,1,4.90E-08,10000000,2025-06-22,Cash
,,,,,,,,,,,,,,,,,,,,,,,,,,,,
,,,,,,,,,,,,,,,,,,,,,,,,,,,,
,,,,,,,,,,,,,,,,,,,,,,,,,,,,
,,,,,,,,,,,,,,,,,,,,,,,,,,,,
,,,,,,,,,,,,,,,,,,,,,,,,,,,,
,,,,,,,,,,,,,,,,,,,,,,,,,,,,
,,,,,,,,,,,,,,,,,,,,,,,,,,,,
