{
    "LotteryGames": [
        {"PutRequest": {"Item": {"game_id": {"S": "G001"}, "draw_date": {"S": "2025-08-01"}, "game_name": {"S": "EuroMillions"}, "jackpot": {"N": "100000000"}, "winning_numbers": {"L":[{"N":"3"},{"N":"14"},{"N":"22"},{"N":"37"},{"N":"45"}]}, "location": {"S": "Germany"}}}},
        {"PutRequest": {"Item": {"game_id": {"S": "G002"}, "draw_date": {"S": "2025-08-02"}, "game_name": {"S": "PowerBall"}, "jackpot": {"N": "150000000"}, "winning_numbers": {"L":[{"N":"7"},{"N":"16"},{"N":"25"},{"N":"34"},{"N":"45"}]}, "location": {"S": "USA"}}}},
        {"PutRequest": {"Item": {"game_id": {"S": "G003"}, "draw_date": {"S": "2025-08-03"}, "game_name": {"S": "MegaMillions"}, "jackpot": {"N": "200000000"}, "winning_numbers": {"L":[{"N":"1"},{"N":"9"},{"N":"18"},{"N":"27"},{"N":"36"}]}, "location": {"S": "USA"}}}},
        {"PutRequest": {"Item": {"game_id": {"S": "G004"}, "draw_date": {"S": "2025-08-04"}, "game_name": {"S": "Lotto"}, "jackpot": {"N": "50000000"}, "winning_numbers": {"L":[{"N":"2"},{"N":"8"},{"N":"19"},{"N":"26"},{"N":"33"}]}, "location": {"S": "UK"}}}},
        {"PutRequest": {"Item": {"game_id": {"S": "G005"}, "draw_date": {"S": "2025-08-05"}, "game_name": {"S": "SuperLotto"}, "jackpot": {"N": "120000000"}, "winning_numbers": {"L":[{"N":"4"},{"N":"11"},{"N":"20"},{"N":"29"},{"N":"38"}]}, "location": {"S": "USA"}}}},
        {"PutRequest": {"Item": {"game_id": {"S": "G006"}, "draw_date": {"S": "2025-08-06"}, "game_name": {"S": "VikingLotto"}, "jackpot": {"N": "30000000"}, "winning_numbers": {"L":[{"N":"5"},{"N":"12"},{"N":"21"},{"N":"28"},{"N":"35"}]}, "location": {"S": "Sweden"}}}},
        {"PutRequest": {"Item": {"game_id": {"S": "G007"}, "draw_date": {"S": "2025-08-07"}, "game_name": {"S": "Lotto Max"}, "jackpot": {"N": "70000000"}, "winning_numbers": {"L":[{"N":"6"},{"N":"13"},{"N":"22"},{"N":"30"},{"N":"39"}]}, "location": {"S": "Canada"}}}},
        {"PutRequest": {"Item": {"game_id": {"S": "G008"}, "draw_date": {"S": "2025-08-08"}, "game_name": {"S": "ElGordo"}, "jackpot": {"N": "500000000"}, "winning_numbers": {"L":[{"N":"1"},{"N":"10"},{"N":"20"},{"N":"30"},{"N":"40"}]}, "location": {"S": "Spain"}}}},
        {"PutRequest": {"Item": {"game_id": {"S": "G009"}, "draw_date": {"S": "2025-08-09"}, "game_name": {"S": "Lotto 6/49"}, "jackpot": {"N": "60000000"}, "winning_numbers": {"L":[{"N":"7"},{"N":"14"},{"N":"21"},{"N":"28"},{"N":"35"}]}, "location": {"S": "Canada"}}}},
        {"PutRequest": {"Item": {"game_id": {"S": "G010"}, "draw_date": {"S": "2025-08-10"}, "game_name": {"S": "Oz Lotto"}, "jackpot": {"N": "40000000"}, "winning_numbers": {"L":[{"N":"3"},{"N":"9"},{"N":"15"},{"N":"21"},{"N":"33"}]}, "location": {"S": "Australia"}}}},
        {"PutRequest": {"Item": {"game_id": {"S": "G011"}, "draw_date": {"S": "2025-08-11"}, "game_name": {"S": "Lotto Plus"}, "jackpot": {"N": "30000000"}, "winning_numbers": {"L":[{"N":"2"},{"N":"12"},{"N":"22"},{"N":"32"},{"N":"42"}]}, "location": {"S": "Australia"}}}},
        {"PutRequest": {"Item": {"game_id": {"S": "G012"}, "draw_date": {"S": "2025-08-12"}, "game_name": {"S": "SuperEnalotto"}, "jackpot": {"N": "90000000"}, "winning_numbers": {"L":[{"N":"5"},{"N":"15"},{"N":"25"},{"N":"35"},{"N":"45"}]}, "location": {"S": "Italy"}}}},
        {"PutRequest": {"Item": {"game_id": {"S": "G013"}, "draw_date": {"S": "2025-08-13"}, "game_name": {"S": "France Loto"}, "jackpot": {"N": "25000000"}, "winning_numbers": {"L":[{"N":"4"},{"N":"14"},{"N":"24"},{"N":"34"},{"N":"44"}]}, "location": {"S": "France"}}}},
        {"PutRequest": {"Item": {"game_id": {"S": "G014"}, "draw_date": {"S": "2025-08-14"}, "game_name": {"S": "Germany Lotto"}, "jackpot": {"N": "35000000"}, "winning_numbers": {"L":[{"N":"3"},{"N":"13"},{"N":"23"},{"N":"33"},{"N":"43"}]}, "location": {"S": "Germany"}}}},
        {"PutRequest": {"Item": {"game_id": {"S": "G015"}, "draw_date": {"S": "2025-08-15"}, "game_name": {"S": "Mega Sena"}, "jackpot": {"N": "60000000"}, "winning_numbers": {"L":[{"N":"6"},{"N":"16"},{"N":"26"},{"N":"36"},{"N":"46"}]}, "location": {"S": "Brazil"}}}},
        {"PutRequest": {"Item": {"game_id": {"S": "G016"}, "draw_date": {"S": "2025-08-16"}, "game_name": {"S": "Lotto Polska"}, "jackpot": {"N": "20000000"}, "winning_numbers": {"L":[{"N":"1"},{"N":"11"},{"N":"21"},{"N":"31"},{"N":"41"}]}, "location": {"S": "Poland"}}}},
        {"PutRequest": {"Item": {"game_id": {"S": "G017"}, "draw_date": {"S": "2025-08-17"}, "game_name": {"S": "UK Lotto"}, "jackpot": {"N": "30000000"}, "winning_numbers": {"L":[{"N":"2"},{"N":"12"},{"N":"22"},{"N":"32"},{"N":"42"}]}, "location": {"S": "UK"}}}},
        {"PutRequest": {"Item": {"game_id": {"S": "G018"}, "draw_date": {"S": "2025-08-18"}, "game_name": {"S": "Lotto Ireland"}, "jackpot": {"N": "25000000"}, "winning_numbers": {"L":[{"N":"3"},{"N":"13"},{"N":"23"},{"N":"33"},{"N":"43"}]}, "location": {"S": "Ireland"}}}},
        {"PutRequest": {"Item": {"game_id": {"S": "G019"}, "draw_date": {"S": "2025-08-19"}, "game_name": {"S": "New York Lotto"}, "jackpot": {"N": "40000000"}, "winning_numbers": {"L":[{"N":"5"},{"N":"15"},{"N":"25"},{"N":"35"},{"N":"45"}]}, "location": {"S": "USA"}}}},
        {"PutRequest": {"Item": {"game_id": {"S": "G020"}, "draw_date": {"S": "2025-08-20"}, "game_name": {"S": "Japan Loto"}, "jackpot": {"N": "30000000"}, "winning_numbers": {"L":[{"N":"2"},{"N":"12"},{"N":"22"},{"N":"32"},{"N":"42"}]}, "location": {"S": "Japan"}}}}
    ]
}
