{
    "Reservations": [
        {
            "ReservationId": "r-084fc296e0e6badb4",
            "OwnerId": "260586643565",
            "Groups": [],
            "Instances": [
                {
                    "Architecture": "x86_64",
                    "BlockDeviceMappings": [
                        {
                            "DeviceName": "/dev/sda1",
                            "Ebs": {
                                "AttachTime": "2025-08-23T01:59:35+00:00",
                                "DeleteOnTermination": true,
                                "Status": "attached",
                                "VolumeId": "vol-071b9c943d36d17f9"
                            }
                        },
                        {
                            "DeviceName": "/dev/sdb",
                            "Ebs": {
                                "AttachTime": "2025-08-23T01:59:35+00:00",
                                "DeleteOnTermination": false,
                                "Status": "attached",
                                "VolumeId": "vol-0bfcb06a6715720d3"
                            }
                        }
                    ],
                    "ClientToken": "84eadd48-bb89-4d27-93da-7ce5afe18c28",
                    "EbsOptimized": true,
                    "EnaSupport": true,
                    "Hypervisor": "xen",
                    "IamInstanceProfile": {
                        "Arn": "arn:aws:iam::260586643565:instance-profile/AWS_EC2_full_access_S3",
                        "Id": "AIPATZLBMUBW2VLMOUIMF"
                    },
                    "NetworkInterfaces": [
                        {
                            "Association": {
                                "IpOwnerId": "amazon",
                                "PublicDnsName": "ec2-54-93-248-41.eu-central-1.compute.amazonaws.com",
                                "PublicIp": "54.93.248.41"
                            },
                            "Attachment": {
                                "AttachTime": "2025-08-23T01:59:34+00:00",
                                "AttachmentId": "eni-attach-0ff1f1177758b36e7",
                                "DeleteOnTermination": true,
                                "DeviceIndex": 0,
                                "Status": "attached",
                                "NetworkCardIndex": 0
                            },
                            "Description": "",
                            "Groups": [
                                {
                                    "GroupId": "sg-0c9e0944abff93553",
                                    "GroupName": "SSH-Access-SG"
                                }
                            ],
                            "Ipv6Addresses": [],
                            "MacAddress": "06:48:66:99:1e:8d",
                            "NetworkInterfaceId": "eni-0b466078cc8014e2f",
                            "OwnerId": "260586643565",
                            "PrivateDnsName": "ip-172-31-45-38.eu-central-1.compute.internal",
                            "PrivateIpAddress": "172.31.45.38",
                            "PrivateIpAddresses": [
                                {
                                    "Association": {
                                        "IpOwnerId": "amazon",
                                        "PublicDnsName": "ec2-54-93-248-41.eu-central-1.compute.amazonaws.com",
                                        "PublicIp": "54.93.248.41"
                                    },
                                    "Primary": true,
                                    "PrivateDnsName": "ip-172-31-45-38.eu-central-1.compute.internal",
                                    "PrivateIpAddress": "172.31.45.38"
                                }
                            ],
                            "SourceDestCheck": true,
                            "Status": "in-use",
                            "SubnetId": "subnet-08b167bbfa25c0bdd",
                            "VpcId": "vpc-06706d0e729f3fb1a",
                            "InterfaceType": "interface",
                            "Operator": {
                                "Managed": false
                            }
                        }
                    ],
                    "RootDeviceName": "/dev/sda1",
                    "RootDeviceType": "ebs",
                    "SecurityGroups": [
                        {
                            "GroupId": "sg-0c9e0944abff93553",
                            "GroupName": "SSH-Access-SG"
                        }
                    ],
                    "SourceDestCheck": true,
                    "Tags": [
                        {
                            "Key": "Name",
                            "Value": "ec2_gabriela_cretu_copy"
                        },
                        {
                            "Key": "Owner",
                            "Value": "student"
                        }
                    ],
                    "VirtualizationType": "hvm",
                    "CpuOptions": {
                        "CoreCount": 1,
                        "ThreadsPerCore": 2
                    },
                    "CapacityReservationSpecification": {
                        "CapacityReservationPreference": "open"
                    },
                    "HibernationOptions": {
                        "Configured": false
                    },
                    "MetadataOptions": {
                        "State": "applied",
                        "HttpTokens": "required",
                        "HttpPutResponseHopLimit": 1,
                        "HttpEndpoint": "enabled",
                        "HttpProtocolIpv6": "disabled",
                        "InstanceMetadataTags": "disabled"
                    },
                    "EnclaveOptions": {
                        "Enabled": false
                    },
                    "BootMode": "uefi-preferred",
                    "PlatformDetails": "Linux/UNIX",
                    "UsageOperation": "RunInstances",
                    "UsageOperationUpdateTime": "2025-08-23T01:59:34+00:00",
                    "PrivateDnsNameOptions": {
                        "HostnameType": "ip-name",
                        "EnableResourceNameDnsARecord": true,
                        "EnableResourceNameDnsAAAARecord": false
                    },
                    "MaintenanceOptions": {
                        "AutoRecovery": "default",
                        "RebootMigration": "default"
                    },
                    "CurrentInstanceBootMode": "uefi",
                    "NetworkPerformanceOptions": {
                        "BandwidthWeighting": "default"
                    },
                    "Operator": {
                        "Managed": false
                    },
                    "InstanceId": "i-02c4b1d1720c1c6ed",
                    "ImageId": "ami-02c362389eed11896",
                    "State": {
                        "Code": 16,
                        "Name": "running"
                    },
                    "PrivateDnsName": "ip-172-31-45-38.eu-central-1.compute.internal",
                    "PublicDnsName": "ec2-54-93-248-41.eu-central-1.compute.amazonaws.com",
                    "StateTransitionReason": "",
                    "KeyName": "gabriela_cretu_EC2_PG_Server_Keys",
                    "AmiLaunchIndex": 0,
                    "ProductCodes": [],
                    "InstanceType": "t3.micro",
                    "LaunchTime": "2025-08-23T01:59:34+00:00",
                    "Placement": {
                        "AvailabilityZoneId": "euc1-az3",
                        "GroupName": "",
                        "Tenancy": "default",
                        "AvailabilityZone": "eu-central-1b"
                    },
                    "Monitoring": {
                        "State": "disabled"
                    },
                    "SubnetId": "subnet-08b167bbfa25c0bdd",
                    "VpcId": "vpc-06706d0e729f3fb1a",
                    "PrivateIpAddress": "172.31.45.38",
                    "PublicIpAddress": "54.93.248.41"
                }
            ]
        }
    ]
}
